<window xmlns="http://jmix.io/schema/ui/window"
        xmlns:c="http://jmix.io/schema/ui/jpql-condition"
        caption="msg://configBrowse.caption"
        focusComponent="table">
    <data>
        <collection id="configsDc"
                    class="com.company.demotree.entity.Config">
            <fetchPlan extends="_base">
                <property name="parentConfig" fetchPlan="_base"/>
            </fetchPlan>
            <loader id="configsDl">
                <query>
                    <![CDATA[select e from dmt_Config e]]>
                </query>
            </loader>
        </collection>
        <instance id="configDc"
                  class="com.company.demotree.entity.Config">
            <fetchPlan extends="_base">
                <property name="parentConfig" fetchPlan="_base"/>
            </fetchPlan>
            <loader/>
        </instance>
    </data>
    <facets>
        <dataLoadCoordinator auto="true"/>
        <screenSettings id="settingsFacet" auto="true"/>
    </facets>
    <actions>
        <action id="save" icon="OK" caption="msg:///actions.Ok" shortcut="CTRL-ENTER"/>
        <action id="cancel" icon="CANCEL" caption="msg:///actions.Cancel" description="Esc"/>
    </actions>
    <dialogMode height="600" width="800"/>
    <layout>
        <split id="split" height="100%" orientation="horizontal" reversePosition="true" width="100%">
            <vbox id="lookupBox" expand="table" height="100%" margin="false,true,false,false" spacing="true">
                <filter id="filter" dataLoader="configsDl">
                    <properties include=".*"/>
                </filter>
                <treeTable id="table"
                           width="100%"
                           dataContainer="configsDc"
                           hierarchyProperty="parentConfig">
                    <actions>
                        <action id="create" type="create"/>
                        <action id="edit" type="edit"/>
                        <action id="remove" type="remove"/>
                    </actions>
                    <columns>
                        <column id="confType"/>
                        <column id="confValue"/>
                        <column id="name"/>
                        <column id="parentConfig"/>
                    </columns>
                    <simplePagination/>
                    <buttonsPanel id="buttonsPanel"
                                  alwaysVisible="true">
                        <button id="createBtn" action="table.create"/>
                        <button id="editBtn" action="table.edit"/>
                        <button id="removeBtn" action="table.remove"/>
                    </buttonsPanel>
                </treeTable>
                <hbox id="lookupActions" spacing="true" visible="false">
                    <button action="lookupSelectAction"/>
                    <button action="lookupCancelAction"/>
                </hbox>
            </vbox>
            <vbox id="editBox" height="100%" margin="false,false,false,true" expand="fieldGroupBox" spacing="true">
                <scrollBox id="fieldGroupBox">
                    <form id="form" dataContainer="configDc">
                        <column width="350px">
                            <textField id="confTypeField" property="confType"/>
                            <textField id="confValueField" property="confValue"/>
                            <textField id="nameField" property="name"/>
                            <entityPicker id="parentConfigField" property="parentConfig">
                                <actions>
                                    <action id="entityLookup" type="entity_lookup"/>
                                    <action id="entityClear" type="entity_clear"/>
                                </actions>
                            </entityPicker>
                        </column>
                    </form>
                </scrollBox>
                <hbox id="actionsPane" spacing="true" visible="false">
                    <button id="saveBtn" action="save"/>
                    <button id="cancelBtn" action="cancel"/>
                </hbox>
            </vbox>
        </split>
    </layout>
</window>
