<?xml version="1.0" encoding="UTF-8"?>
<databaseChangeLog
        xmlns="http://www.liquibase.org/xml/ns/dbchangelog"
        xmlns:xsi="http://www.w3.org/2001/XMLSchema-instance"
        xsi:schemaLocation="http://www.liquibase.org/xml/ns/dbchangelog
                      http://www.liquibase.org/xml/ns/dbchangelog/dbchangelog-4.3.xsd"
        objectQuotingStrategy="QUOTE_ONLY_RESERVED_WORDS">
    <changeSet id="1" author="dmt">
        <createTable tableName="DMT_CONFIG">
            <column name="ID" type="UUID">
                <constraints nullable="false" primaryKey="true" primaryKeyName="PK_DMT_CONFIG"/>
            </column>
            <column name="CONF_TYPE" type="VARCHAR(255)">
                <constraints nullable="false"/>
            </column>
            <column name="CONF_VALUE" type="VARCHAR(255)">
                <constraints nullable="false"/>
            </column>
            <column name="NAME" type="VARCHAR(255)">
                <constraints nullable="false"/>
            </column>
            <column name="PARENT_CONFIG_ID" type="UUID"/>
        </createTable>
    </changeSet>
    <changeSet id="2" author="dmt">
        <addForeignKeyConstraint baseColumnNames="PARENT_CONFIG_ID" baseTableName="DMT_CONFIG"
                                 constraintName="FK_DMT_CONFIG_ON_PARENT_CONFIG" referencedColumnNames="ID"
                                 referencedTableName="DMT_CONFIG"/>
    </changeSet>
</databaseChangeLog>